{
  "session_name": "first",
  "hidden_size": 256,
  "num_layers": 5,
  "embed_dim": 32,
  "input": [
    "a",
    "b",
    "c",
    "d",
    "e",
    "f",
    "g",
    "h",
    "i",
    "j",
    "k",
    "l",
    "m",
    "n",
    "o",
    "p",
    "q",
    "r",
    "s",
    "t",
    "u",
    "v",
    "w",
    "x",
    "y",
    "z",
    "A",
    "B",
    "C",
    "D",
    "E",
    "F",
    "G",
    "H",
    "I",
    "J",
    "K",
    "L",
    "M",
    "N",
    "O",
    "P",
    "Q",
    "R",
    "S",
    "T",
    "U",
    "V",
    "W",
    "X",
    "Y",
    "Z",
    "'",
    "-",
    "EOS",
    "SOS",
    "PAD"
  ],
  "output": [
    "a",
    "b",
    "c",
    "d",
    "e",
    "f",
    "g",
    "h",
    "i",
    "j",
    "k",
    "l",
    "m",
    "n",
    "o",
    "p",
    "q",
    "r",
    "s",
    "t",
    "u",
    "v",
    "w",
    "x",
    "y",
    "z",
    "A",
    "B",
    "C",
    "D",
    "E",
    "F",
    "G",
    "H",
    "I",
    "J",
    "K",
    "L",
    "M",
    "N",
    "O",
    "P",
    "Q",
    "R",
    "S",
    "T",
    "U",
    "V",
    "W",
    "X",
    "Y",
    "Z",
    "'",
    "-",
    "EOS",
    "PAD"
  ],
  "input_sz": 57,
  "output_sz": 56,
  "EOS": "EOS",
  "SOS": "SOS",
  "PAD": "PAD",
  "probs": {
    "7": 0.14771852018788723,
    "4": 0.1875379024407351,
    "5": 0.2721584477622317,
    "6": 0.21436671567742333,
    "8": 0.06421742726838446,
    "3": 0.06738360597444391,
    "9": 0.027237021268569788,
    "11": 0.0035402552149823583,
    "2": 0.008484761007749555,
    "10": 0.0058731792484854155,
    "12": 0.0007644787012189057,
    "14": 0.00015739482892918714,
    "1": 2.8584600914932915e-05,
    "13": 0.0003414251421766981,
    "15": 8.257366513980493e-05,
    "16": 4.4815026710005054e-05,
    "18": 1.4010191476378298e-05,
    "17": 2.2429495873009397e-05,
    "20": 5.517612019724298e-06,
    "19": 8.294736794592172e-06,
    "21": 3.597805447124343e-06,
    "23": 1.9857541266205642e-06,
    "24": 1.3922261404350818e-06,
    "22": 2.447387004764828e-06,
    "30": 2.2715268607098702e-07,
    "26": 7.400781062312803e-07,
    "27": 5.568904561740327e-07,
    "28": 3.8103031211907503e-07,
    "25": 1.0258508403205867e-06,
    "29": 2.7844522808701634e-07,
    "40": 7.327506002289904e-09
  }
}