{
  "session_name": "last",
  "hidden_size": 256,
  "num_layers": 5,
  "embed_dim": 32,
  "input": [
    "a",
    "b",
    "c",
    "d",
    "e",
    "f",
    "g",
    "h",
    "i",
    "j",
    "k",
    "l",
    "m",
    "n",
    "o",
    "p",
    "q",
    "r",
    "s",
    "t",
    "u",
    "v",
    "w",
    "x",
    "y",
    "z",
    "A",
    "B",
    "C",
    "D",
    "E",
    "F",
    "G",
    "H",
    "I",
    "J",
    "K",
    "L",
    "M",
    "N",
    "O",
    "P",
    "Q",
    "R",
    "S",
    "T",
    "U",
    "V",
    "W",
    "X",
    "Y",
    "Z",
    "'",
    "-",
    "EOS",
    "SOS",
    "PAD"
  ],
  "output": [
    "a",
    "b",
    "c",
    "d",
    "e",
    "f",
    "g",
    "h",
    "i",
    "j",
    "k",
    "l",
    "m",
    "n",
    "o",
    "p",
    "q",
    "r",
    "s",
    "t",
    "u",
    "v",
    "w",
    "x",
    "y",
    "z",
    "A",
    "B",
    "C",
    "D",
    "E",
    "F",
    "G",
    "H",
    "I",
    "J",
    "K",
    "L",
    "M",
    "N",
    "O",
    "P",
    "Q",
    "R",
    "S",
    "T",
    "U",
    "V",
    "W",
    "X",
    "Y",
    "Z",
    "'",
    "-",
    "EOS",
    "PAD"
  ],
  "input_sz": 57,
  "output_sz": 56,
  "EOS": "EOS",
  "SOS": "SOS",
  "PAD": "PAD",
  "probs": {
    "5": 0.2100207947101849,
    "7": 0.17996100621251723,
    "8": 0.11553042484096908,
    "3": 0.03997644478281118,
    "4": 0.1138967946111999,
    "6": 0.2318648605821442,
    "9": 0.058263049060305265,
    "10": 0.0250731935196788,
    "2": 0.00979029313165891,
    "11": 0.009392976761946158,
    "1": 0.0013191820114049327,
    "12": 0.003217669652894908,
    "13": 0.0010961859867165311,
    "15": 0.0001324438319261756,
    "14": 0.00039466930820212127,
    "16": 4.668660201463465e-05,
    "18": 7.2378224733525614e-06,
    "17": 1.3401694276677887e-05,
    "20": 9.453791109394672e-07,
    "19": 1.4899174788406004e-06,
    "21": 1.0588246042522033e-07,
    "22": 9.075639465018885e-08,
    "27": 5.2941230212610165e-08
  }
}